images/1574517686315732.jpg,0

images/157451768650101.jpg,0

images/1574517686885211.jpg,0

images/1574517686954164.jpg,0

images/1574517687019296.jpg,0

images/1574517687069741.jpg,0

images/1574517687185688.jpg,0

images/1574517687226052.jpg,0

images/1574517687272282.jpg,0

images/1574517687320848.jpg,0

images/1574517687356721.jpg,0

images/1574517687427178.jpg,0

images/1574517687475182.jpg,0

images/1574517687575245.jpg,3

images/157451768761184.jpg,3

images/1574517687666538.jpg,3

images/157451768771495.jpg,3

images/1574517687759247.jpg,3

images/1574517687932925.jpg,3

images/1574517687964841.jpg,3

images/1574517688008504.jpg,3

images/1574517688077192.jpg,3

images/1574517688115944.jpg,3

images/1574517688169401.jpg,3

images/1574517688212442.jpg,3

images/1574517688262676.jpg,3

images/1574517688312693.jpg,3

images/1574517688380745.jpg,3

images/15745176884767.jpg,3

images/1574517688506817.jpg,3

images/1574517688567254.jpg,3

images/157451768863093.jpg,3

images/1574517688669463.jpg,3

images/1574517688719608.jpg,3

images/1574517688768672.jpg,3

images/1574517688872389.jpg,3

images/1574517688913431.jpg,3

images/1574517688937371.jpg,3

images/1574517689010599.jpg,3

images/1574517689096108.jpg,3

images/1574517689122463.jpg,3

images/1574517689169434.jpg,3

images/1574517689228783.jpg,3

images/1574517689268058.jpg,3

images/1574517689315201.jpg,3

images/1574517689363908.jpg,3

images/1574517689418858.jpg,3

images/1574517689470429.jpg,3

images/1574517689527751.jpg,3

images/1574517689579149.jpg,3

images/1574517689623787.jpg,3

images/1574517689666809.jpg,3

images/1574517689729272.jpg,3

images/1574517689770007.jpg,3

images/1574517689822499.jpg,3

images/157451768986776.jpg,3

images/1574517689919036.jpg,3

images/1574517689975195.jpg,3

images/1574517690023203.jpg,3

images/1574517690068366.jpg,3

images/1574517690117768.jpg,3

images/1574517690174716.jpg,3

images/1574517690209825.jpg,3

images/1574517690265023.jpg,3

images/1574517690302171.jpg,3

images/1574517690369712.jpg,3

images/1574517690421691.jpg,3

images/1574517690472063.jpg,3

images/1574517690516154.jpg,3

images/1574517690588214.jpg,3

images/1574517690627347.jpg,5

images/1574517690676584.jpg,5

images/1574517690740513.jpg,5

images/1574517690771611.jpg,5

images/1574517690818522.jpg,5

images/1574517690983499.jpg,5

images/1574517691026597.jpg,5

images/1574517691068612.jpg,1

images/1574517691108109.jpg,1

images/1574517691165269.jpg,1

images/1574517691214471.jpg,1

images/1574517691264353.jpg,1

images/1574517691319214.jpg,1

images/1574517691380826.jpg,1

images/157451769142539.jpg,1

images/157451769147015.jpg,1

images/1574517691538223.jpg,1

images/157451769157343.jpg,1

images/1574517691641033.jpg,1

images/1574517691680326.jpg,1

images/1574517691734306.jpg,1

images/1574517691777519.jpg,3

images/1574517691826681.jpg,3

images/1574517691868468.jpg,3

images/1574517691938819.jpg,3

images/1574517691983087.jpg,3

images/1574517692034924.jpg,3

images/1574517692085772.jpg,3

images/157451769217575.jpg,5

images/1574517692240039.jpg,5

images/1574517692280348.jpg,5

images/1574517692341358.jpg,5

images/1574517692382423.jpg,5

images/1574517692425454.jpg,5

images/1574517692493716.jpg,1

images/1574517692545834.jpg,1

images/1574517692595821.jpg,1

images/1574517692631071.jpg,1

images/1574517692681521.jpg,1

images/1574517692745523.jpg,1

images/1574517692799654.jpg,1

images/1574517692963085.jpg,1

images/1574517693013328.jpg,3

images/157451769303038.jpg,3

images/157451769308198.jpg,3

images/1574517693131362.jpg,3

images/1574517693195639.jpg,3

images/1574517693235331.jpg,3

images/157451769328138.jpg,3

images/1574517693327934.jpg,3

images/1574517693382675.jpg,3

images/1574517693431766.jpg,3

images/1574517693489998.jpg,3

images/1574517693549519.jpg,3

images/1574517693584892.jpg,3

images/1574517693660677.jpg,3

images/1574517693690982.jpg,3

images/1574517693742428.jpg,3

images/1574517693787541.jpg,3

images/1574517693837759.jpg,3

images/1574517693920359.jpg,3

images/15745176939643.jpg,1

images/1574517694006408.jpg,1

images/1574517694078358.jpg,1

images/1574517694765888.jpg,3

images/1574517694807996.jpg,3

images/157451769483514.jpg,3

images/1574517694874497.jpg,3

images/1574517694952306.jpg,3

images/157451769504512.jpg,3

images/1574517695067496.jpg,3

images/1574517695132293.jpg,3

images/1574517695172924.jpg,3

images/1574517984855752.jpg,0

images/1574517984941508.jpg,0

images/1574517985035939.jpg,0

images/1574517985181584.jpg,0

images/1574517985694026.jpg,0

images/1574517985955543.jpg,0

images/1574517986015932.jpg,0

images/1574517986088978.jpg,0

images/1574517986182971.jpg,0

images/1574517986579692.jpg,3

images/1574517986631068.jpg,3

images/1574517986701761.jpg,3

images/1574517986758016.jpg,3

images/1574517986807389.jpg,3

images/1574517986826692.jpg,3

images/1574517986867076.jpg,3

images/1574517986917283.jpg,3

images/157451798696533.jpg,3

images/1574517987098195.jpg,3

images/1574517987133554.jpg,3

images/157451798717458.jpg,3

images/1574517987229599.jpg,3

images/1574517987287626.jpg,3

images/1574517987371942.jpg,3

images/1574517987426141.jpg,3

images/1574517987475049.jpg,3

images/1574517987549885.jpg,3

images/1574517987608823.jpg,3

images/1574517987747797.jpg,3

images/1574517987764795.jpg,3

images/1574517987826866.jpg,3

images/1574517987878942.jpg,3

images/1574517987934213.jpg,3

images/1574517987969476.jpg,3

images/1574517988023389.jpg,3

images/1574517988068393.jpg,3

images/1574517988118182.jpg,3

images/1574517988184284.jpg,3

images/1574517988235409.jpg,3

images/1574517988271851.jpg,3

images/1574517988330341.jpg,3

images/1574517988395093.jpg,3

images/1574517988433423.jpg,3

images/1574517988494695.jpg,3

images/1574517988532886.jpg,3

images/1574517988566928.jpg,3

images/1574517988634504.jpg,3

images/1574517988667861.jpg,3

images/1574517988722964.jpg,3

images/1574517988879055.jpg,3

images/1574517988973477.jpg,3

images/1574517989025252.jpg,3

images/1574517989068341.jpg,3

images/1574517989116494.jpg,3

images/157451798917673.jpg,3

images/1574517989215616.jpg,3

images/1574517989282055.jpg,3

images/1574517989307423.jpg,3

images/1574517989373112.jpg,3

images/1574517989418963.jpg,3

images/1574517989457879.jpg,3

images/1574517989521731.jpg,3

images/157451798956376.jpg,3

images/1574517989612357.jpg,3

images/1574517989660642.jpg,3

images/157451798973895.jpg,3

images/1574517989765098.jpg,3

images/1574517989810998.jpg,3

images/1574517989871985.jpg,3

images/1574517989930461.jpg,3

images/157451798996477.jpg,3

images/1574517990033623.jpg,3

images/1574517990060953.jpg,3

images/1574517990109354.jpg,3

images/1574517990162814.jpg,3

images/1574517990211793.jpg,3

images/1574517990258614.jpg,3

images/1574517990339543.jpg,5

images/1574517990380569.jpg,5

images/1574517990408928.jpg,5

images/157451799045607.jpg,5

images/1574517990511499.jpg,5

images/1574517990583966.jpg,5

images/1574517990626525.jpg,5

images/1574517990653912.jpg,5

images/1574517990724003.jpg,3

images/157451799076006.jpg,3

images/1574517990887949.jpg,3

images/1574517990988506.jpg,3

images/1574517991331899.jpg,3

images/1574517991472351.jpg,3

images/1574517991549295.jpg,3

images/157451799157519.jpg,1

images/1574517991618322.jpg,1

images/1574517991674408.jpg,1

images/1574517991730408.jpg,1

images/1574517991799168.jpg,1

images/1574517991856598.jpg,1

images/1574517991914686.jpg,1

images/1574517991969754.jpg,1

images/1574517992046735.jpg,1

images/1574517992085605.jpg,1

images/1574517992124518.jpg,1

images/1574517992181412.jpg,1

images/1574517992232708.jpg,1

images/1574517992287863.jpg,3

images/1574517992345708.jpg,3

images/157451799238962.jpg,3

images/1574517992690724.jpg,3

images/1574517992861131.jpg,3

images/1574517992898031.jpg,3

images/1574517992943543.jpg,3

images/1574517992981941.jpg,3

images/1574517993030397.jpg,3

images/1574517993105336.jpg,3

images/1574517993139446.jpg,3

images/1574517993197701.jpg,3

images/1574517993233941.jpg,3

images/1574517993280135.jpg,3

images/1574517993331.jpg,1

images/1574517993396007.jpg,1

images/1574517993434198.jpg,1

images/1574517993486374.jpg,1

images/157451799353951.jpg,1

images/1574517993586842.jpg,1

images/1574517993627458.jpg,1

images/1574517993675755.jpg,3

images/15745179937378.jpg,3

images/1574517993810756.jpg,3

images/1574517993842214.jpg,3

images/1574517993905157.jpg,3

images/1574517993954413.jpg,3

images/1574517994032477.jpg,3

images/1574517994081613.jpg,3

images/1574517994145412.jpg,3

images/157451799420504.jpg,3

images/1574517994259831.jpg,3

images/1574517994363512.jpg,3

images/1574517994394672.jpg,3

images/1574517994448607.jpg,3

images/1574517994499164.jpg,3

images/1574517994568771.jpg,3

images/1574517994627053.jpg,3

images/1574517994697363.jpg,3

images/1574517994741508.jpg,3

images/1574517994806419.jpg,3

images/1574517994865392.jpg,3

images/1574518161586044.jpg,0

images/1574518161639989.jpg,0

images/1574518161733882.jpg,0

images/1574518161774555.jpg,0

images/1574518161800578.jpg,0

images/1574518161863505.jpg,0

images/1574518161908534.jpg,0

images/1574518161963517.jpg,0

images/1574518162022171.jpg,0

images/1574518162058136.jpg,0

images/1574518162127943.jpg,0

images/1574518162166165.jpg,0

images/1574518162216584.jpg,0

images/1574518162268776.jpg,0

images/15745181623132.jpg,0

images/1574518162356636.jpg,0

images/1574518162426386.jpg,0

images/1574518162464703.jpg,0

images/1574518162512567.jpg,0

images/1574518162557548.jpg,0

images/1574518162605149.jpg,0

images/1574518162651621.jpg,0

images/1574518162709692.jpg,0

images/1574518162747198.jpg,0

images/1574518162797054.jpg,0

images/1574518162843348.jpg,0

images/1574518162895157.jpg,3

images/1574518162954812.jpg,3

images/1574518162995379.jpg,3

images/1574518163062302.jpg,3

images/1574518163451294.jpg,3

images/1574518163524744.jpg,3

images/1574518163565085.jpg,3

images/1574518163606201.jpg,3

images/1574518163660162.jpg,3

images/1574518163709895.jpg,3

images/157451816376186.jpg,3

images/1574518163806109.jpg,3

images/1574518163862312.jpg,3

images/1574518163929498.jpg,3

images/1574518163965456.jpg,3

images/1574518164007431.jpg,3

images/1574518164062793.jpg,3

images/1574518164128618.jpg,3

images/1574518164161566.jpg,3

images/1574518164221624.jpg,3

images/1574518164254953.jpg,3

images/1574518164307688.jpg,3

images/1574518164378656.jpg,3

images/1574518164417641.jpg,3

images/1574518164457782.jpg,3

images/157451816449487.jpg,3

images/1574518164552371.jpg,3

images/1574518164611069.jpg,3

images/1574518164664482.jpg,3

images/1574518165130284.jpg,0

images/1574518165180407.jpg,0

images/1574518165219655.jpg,0

images/1574518165256323.jpg,0

images/1574518165306916.jpg,0

images/1574518165364434.jpg,0

images/1574518165413596.jpg,0

images/1574519938842955.jpg,0

images/1574519938896317.jpg,0

images/1574519938924373.jpg,0

images/1574519938982377.jpg,0

images/157451993904725.jpg,0

images/1574519939079169.jpg,0

images/1574519939127035.jpg,0

images/1574519939187409.jpg,0

images/1574519939233431.jpg,0

images/1574519939280429.jpg,0

images/1574519939387317.jpg,0

images/1574519939448333.jpg,0

images/1574519939481629.jpg,0

images/1574519939536268.jpg,0

images/1574519939598526.jpg,0

images/1574519939642563.jpg,0

images/1574519939687628.jpg,0

images/1574519939785052.jpg,0

images/157451993984219.jpg,0

images/157451993990001.jpg,0

images/1574519939936935.jpg,0

images/1574519939998913.jpg,0

images/1574519940040911.jpg,0

images/1574519940084174.jpg,0

images/1574519940129701.jpg,0

images/1574519940187732.jpg,0

images/1574519940289592.jpg,0

images/1574519940336837.jpg,0

images/1574519940377091.jpg,0

images/1574519940424983.jpg,3

images/1574519940480124.jpg,3

images/1574519940546935.jpg,3

images/1574519940659819.jpg,3

images/1574519940796079.jpg,3

images/1574519940805063.jpg,3

images/1574519940834948.jpg,3

images/1574519940889895.jpg,3

images/1574519940932811.jpg,3

images/1574519940983767.jpg,3

images/1574519941029696.jpg,3

images/1574519941088005.jpg,3

images/1574519941133011.jpg,3

images/157451994126311.jpg,3

images/1574519941293085.jpg,3

images/1574519941347154.jpg,3

images/157451994140713.jpg,3

images/1574519941436085.jpg,3

images/1574519941493121.jpg,3

images/1574519941606143.jpg,3

images/1574519941638185.jpg,3

images/1574519941694199.jpg,3

images/1574519941743199.jpg,3

images/1574519941894343.jpg,3

images/1574519941954368.jpg,3

images/1574519941999412.jpg,3

images/1574519942094614.jpg,3

images/1574519942139683.jpg,3

images/1574519942192709.jpg,3

images/1574519942232715.jpg,3

images/157451994241416.jpg,3

images/157451994244408.jpg,3

images/1574519942493947.jpg,3

images/157451994253889.jpg,3

images/1574519942697343.jpg,3

images/1574519942742223.jpg,3

images/1574519942861527.jpg,3

images/1574519942908403.jpg,3

images/1574519942951296.jpg,3

images/157451994301013.jpg,3

images/1574519943048028.jpg,3

images/157451994311971.jpg,3

images/1574519943157608.jpg,3

images/1574519943192487.jpg,3

images/1574519943246371.jpg,3

images/1574519943298234.jpg,3

images/1574519943350094.jpg,3

images/1574519943434958.jpg,3

images/1574519943490966.jpg,5

images/1574519943539869.jpg,5

images/1574519943591877.jpg,5

images/1574519943646408.jpg,5

images/1574519943691291.jpg,5

images/1574519943734169.jpg,5

images/1574519943793016.jpg,5

images/1574519943846939.jpg,5

images/1574519943902442.jpg,5

images/1574519943936351.jpg,5

images/1574519943996192.jpg,5

images/1574519944270561.jpg,5

images/1574519944765666.jpg,3

images/1574520212627194.jpg,2

images/1574520212650131.jpg,2

images/1574520212703315.jpg,2

images/1574520212771199.jpg,2

images/1574520212826215.jpg,3

images/1574520212897575.jpg,3

images/1574520212944718.jpg,3

images/157452021301002.jpg,3

images/1574520213067954.jpg,3

images/1574520213132843.jpg,3

images/157452021318977.jpg,3

images/1574520213258629.jpg,3

images/1574520213303475.jpg,3

images/1574520213370489.jpg,3

images/1574520213419315.jpg,3

images/1574520213465189.jpg,3

images/1574520213518283.jpg,3

images/1574520213569733.jpg,3

images/1574520213692443.jpg,3

images/1574520213720422.jpg,3

images/1574520213762614.jpg,3

images/1574520213814531.jpg,2

images/157452021389501.jpg,2

images/1574520213920196.jpg,2

images/1574520213972263.jpg,2

images/1574520214023444.jpg,2

images/1574520214077625.jpg,2

images/157452021412666.jpg,2

images/1574520214168699.jpg,2

images/1574520214221569.jpg,2

images/1574520214280414.jpg,3

images/1574520214326518.jpg,3

images/1574520214387458.jpg,3

images/1574520214425897.jpg,3

images/1574520214478476.jpg,3

images/1574520214540181.jpg,3

images/1574520214642161.jpg,3

images/1574520214698812.jpg,3

images/1574520214725504.jpg,3

images/1574520214779138.jpg,3

images/1574520214862847.jpg,3

images/157452021488493.jpg,3

images/1574520214941403.jpg,3

images/1574520214998768.jpg,3

images/1574520215045202.jpg,3

images/1574520215091882.jpg,3

images/1574520215151397.jpg,3

images/1574520215195158.jpg,3

images/1574520215235242.jpg,3

images/1574520215284831.jpg,3

images/1574520215327138.jpg,3

images/1574520215441929.jpg,3

images/1574520215548053.jpg,3

images/1574520215588408.jpg,3

images/1574520215630391.jpg,3

images/1574520215689875.jpg,3

images/1574520215734501.jpg,3

images/1574520215784141.jpg,3

images/1574520215834437.jpg,3

images/1574520215882507.jpg,3

images/157452021593734.jpg,3

images/1574520215993596.jpg,3

images/1574520216033582.jpg,3

images/1574520216093676.jpg,3

images/1574520216136864.jpg,3

images/1574520216181883.jpg,3

images/1574520216238086.jpg,3

images/1574520216285142.jpg,3

images/1574520216337002.jpg,3

images/1574520216385956.jpg,3

images/1574520216429045.jpg,3

images/1574520216494304.jpg,3

images/1574520216533205.jpg,3

images/157452021658308.jpg,3

images/1574520216648249.jpg,3

images/1574520216674428.jpg,3

images/1574520216725535.jpg,3

images/1574520216778598.jpg,3

images/1574520216832005.jpg,3

images/1574520216873164.jpg,3

images/1574520216925086.jpg,3

images/1574520216984107.jpg,3

images/1574520217028536.jpg,3

images/1574520217080598.jpg,3

images/1574520217147738.jpg,3

images/1574520217185777.jpg,3

images/1574520217248638.jpg,3

images/1574520217285764.jpg,3

images/1574520217328902.jpg,3

images/1574520217381941.jpg,3

images/1574520217451072.jpg,3

images/1574520217486087.jpg,3

images/1574520217536492.jpg,3

images/1574520217588636.jpg,3

images/1574520217638756.jpg,2

images/1574520217690904.jpg,2

images/157452021773315.jpg,2

images/1574520217784342.jpg,2

images/1574520217835401.jpg,2

images/15745202178852.jpg,2

images/1574520217941746.jpg,2

images/1574520217978791.jpg,2

images/1574520218039873.jpg,2

images/1574520218084469.jpg,2

images/1574520218134067.jpg,2

images/1574520218246507.jpg,2

images/1574520218276752.jpg,2

images/1574520218332199.jpg,3

images/1574520218382716.jpg,3

images/1574520218437653.jpg,3

images/1574520218504523.jpg,3

images/1574520218531602.jpg,3

images/1574520218592721.jpg,3

images/157452021863107.jpg,3

images/1574520218680992.jpg,3

images/1574520218848138.jpg,2

images/1574520218900471.jpg,2

images/1574520218933884.jpg,2

images/1574520218993179.jpg,2

images/1574520219042778.jpg,2

images/1574520219080422.jpg,2

images/1574520219143671.jpg,2

images/1574520219185444.jpg,2

images/1574520219231222.jpg,2

images/1574520219306664.jpg,3

images/1574520219372325.jpg,3

images/1574520219393335.jpg,3

images/1574520219466713.jpg,3

images/1574520219511489.jpg,3

images/1574520219562898.jpg,3

images/1574520219597053.jpg,3

images/1574520219644754.jpg,3

images/1574520219693901.jpg,3

images/1574520219767069.jpg,2

images/1574520219790004.jpg,2

images/1574520219839981.jpg,2

images/1574520219886901.jpg,2

images/1574520219953903.jpg,2

images/1574520219985417.jpg,2

images/1574520220032627.jpg,2

images/1574520220073687.jpg,2

images/1574520220139255.jpg,2

images/1574520220170259.jpg,3

images/1574520220244169.jpg,3

images/1574520220292042.jpg,3

images/1574520220349046.jpg,3

images/1574520220391928.jpg,3

images/1574520220455778.jpg,3

images/1574520220502914.jpg,3

images/1574520220542952.jpg,3

images/1574520220601231.jpg,3

images/1574520220650298.jpg,3

images/1574520220760013.jpg,3

images/157452022079793.jpg,3

images/1574520220853178.jpg,3

images/1574520220893271.jpg,3

images/1574520220952705.jpg,3

images/1574520221115129.jpg,3

images/1574520221155542.jpg,3

images/1574520221207653.jpg,3

images/1574520221267909.jpg,3

images/1574520221302411.jpg,3

images/1574520221346128.jpg,3

images/1574520221407301.jpg,3

images/1574520221460399.jpg,3

images/1574520221512918.jpg,3

images/1574520221619445.jpg,5

images/1574520221639425.jpg,5

images/1574520221696659.jpg,5

images/1574520221752878.jpg,5

images/1574520221792204.jpg,5

images/1574520221915123.jpg,5

images/1574520221985111.jpg,5

images/1574520222013038.jpg,5

images/157452022205293.jpg,5

images/1574520222107505.jpg,5

images/1574520223226723.jpg,3

images/1574520223267747.jpg,3

images/1574520223390463.jpg,3

images/157452022342671.jpg,3

images/1574520223462895.jpg,3

images/1574520223516738.jpg,3

images/1574520223573364.jpg,3

images/1574520224398622.jpg,2

images/1574520224446686.jpg,2

images/1574520224505867.jpg,2

images/1574520224577157.jpg,2

images/157452022463726.jpg,3

images/157452022469535.jpg,3

images/1574520224755285.jpg,3

images/1574520224812416.jpg,3

images/1574520224870279.jpg,3

images/1574520224932504.jpg,3

images/1574520225003728.jpg,3

images/1574520225059854.jpg,2

images/1574520225107225.jpg,2

images/1574520225176283.jpg,2

images/1574520225227392.jpg,2

images/1574520225300412.jpg,2

images/1574520225334363.jpg,2

images/1574520225416103.jpg,2

images/1574520225444061.jpg,2

images/1574520225484959.jpg,2

images/1574520225553103.jpg,2

images/1574520225584117.jpg,3

images/157452022563746.jpg,3

images/1574520225690674.jpg,3

images/1574520225741327.jpg,3

images/1574520225866264.jpg,3

images/1574520225896646.jpg,3

images/1574520225942319.jpg,3

images/1574520225991154.jpg,3

images/1574520226039914.jpg,3

images/1574520226101405.jpg,3

images/1574520226144624.jpg,3

images/1574520226192796.jpg,3

images/1574520226261414.jpg,3

images/1574520226307248.jpg,3

images/1574520226344276.jpg,3

images/1574520226397331.jpg,3

images/1574520226437234.jpg,3

images/1574520226495031.jpg,3

images/1574520226535922.jpg,3

images/1574520226590795.jpg,3

images/1574520226646592.jpg,3

images/1574520226697563.jpg,3

images/1574520226739809.jpg,3

images/1574520226798363.jpg,3

images/1574520226845269.jpg,3

images/1574520226895359.jpg,3

images/1574520226940339.jpg,3

images/1574520226992536.jpg,3

images/1574520227049107.jpg,3

images/1574520227105664.jpg,3

images/1574520227137189.jpg,3

images/1574520227191007.jpg,3

images/1574520227239622.jpg,3

images/1574520227295767.jpg,3

images/1574520227354502.jpg,3

images/1574520227392779.jpg,3

images/1574520227441417.jpg,3

images/157452022748974.jpg,3

images/1574520227539344.jpg,3

images/1574520227605181.jpg,3

images/1574520227650488.jpg,3

images/1574520227693924.jpg,3

images/1574520227742565.jpg,3

images/1574520227797189.jpg,3

images/1574520227843759.jpg,3

images/1574520227889271.jpg,3

images/1574520227951188.jpg,3

images/1574520227988451.jpg,3

images/1574520228038695.jpg,3

images/1574520228092566.jpg,3

images/1574520228140331.jpg,3

images/1574520228192742.jpg,3

images/1574520228245555.jpg,3

images/157452022829003.jpg,3

images/1574520228336336.jpg,3

images/157452022839272.jpg,3

images/1574520228436113.jpg,3

images/1574520228548096.jpg,3

images/1574520228618471.jpg,3

images/1574520228646444.jpg,3

images/1574520228698984.jpg,3

images/1574520228754196.jpg,3

images/1574520228785343.jpg,3

images/1574520228838699.jpg,3

images/1574520228893729.jpg,3

images/1574520228953651.jpg,3

images/1574520228987733.jpg,3

images/1574520229039775.jpg,3

images/1574520229086686.jpg,3

images/1574520229147362.jpg,3

images/1574520229197603.jpg,2

images/1574520229240117.jpg,2

images/1574520229307266.jpg,2

images/1574520229347907.jpg,2

images/157452022939442.jpg,2

images/1574520229463285.jpg,2

images/1574520229510233.jpg,2

images/1574520229563394.jpg,2

images/1574520229602689.jpg,2

images/1574520229662586.jpg,2

images/157452022970566.jpg,2

images/1574520229742014.jpg,2

images/1574520229790364.jpg,2

images/1574520229838587.jpg,2

images/1574520229892908.jpg,2

images/1574520229963186.jpg,2

images/1574520230016337.jpg,2

images/1574520230048506.jpg,2

images/1574520230090555.jpg,2

images/1574520230146939.jpg,2

images/157452023020298.jpg,3

images/1574520230243981.jpg,3

images/1574520230301122.jpg,3

images/157452023036764.jpg,3

images/1574520230395592.jpg,3

images/1574520230451797.jpg,3

images/1574520230491977.jpg,3

images/157452023055324.jpg,3

images/1574520230602616.jpg,3

images/1574520230665335.jpg,3

images/1574520230703712.jpg,2

images/1574520230761271.jpg,2

images/157452023080648.jpg,2

images/1574520230856252.jpg,2

images/1574520230897187.jpg,2

images/1574520230944389.jpg,2

images/1574520230999243.jpg,2

images/157452023104229.jpg,2

images/1574520231170398.jpg,2

images/157452023121053.jpg,2

images/157452023126248.jpg,3

images/1574520231308544.jpg,3

images/1574520231354119.jpg,3

images/1574520232179961.jpg,5

images/1574520232215237.jpg,5

images/1574520232270366.jpg,5

images/1574520232376789.jpg,5

images/1574520232418864.jpg,5

images/1574520232455839.jpg,3

images/1574520232505989.jpg,3

images/1574520232565822.jpg,3

images/1574520232627922.jpg,3

images/1574520233774985.jpg,5

images/1574520233815848.jpg,5

images/1574520237758222.jpg,2

images/1574520237775274.jpg,2

images/1574520237830609.jpg,2

images/157452023787101.jpg,2

images/1574520237919323.jpg,3

images/1574520237969435.jpg,3

images/1574520238022011.jpg,3

images/1574520238073046.jpg,3

images/157452023818009.jpg,3

images/1574520238230004.jpg,3

images/1574520238277911.jpg,3

images/1574520238344813.jpg,3

images/1574520238371826.jpg,3

images/1574520238421691.jpg,3

images/157452023848152.jpg,3

images/1574520238523528.jpg,3

images/1574520238570583.jpg,3

images/1574520238621882.jpg,3

images/1574520238683342.jpg,3

images/1574520238735099.jpg,3

images/1574520238783332.jpg,3

images/1574520238827616.jpg,3

images/1574520238875718.jpg,3

images/1574520238937654.jpg,3

images/1574520238975762.jpg,3

images/157452023904181.jpg,3

images/1574520239077816.jpg,3

images/1574520239149977.jpg,3

images/1574520239185865.jpg,3

images/1574520239220905.jpg,3

images/1574520239269075.jpg,3

images/1574520239328919.jpg,3

images/1574520239381772.jpg,3

images/1574520239426796.jpg,3

images/1574520469300168.jpg,3

images/1574520469333312.jpg,3

images/157452046937869.jpg,3

images/1574520469424031.jpg,3

images/1574520469477442.jpg,3

images/1574520469532372.jpg,3

images/1574520469593198.jpg,3

images/1574520469623101.jpg,3

images/1574520469679948.jpg,3

images/1574520469737421.jpg,3

images/1574520469786778.jpg,3

images/1574520469833005.jpg,3

images/1574520469877233.jpg,3

images/1574520469940389.jpg,3

images/1574520469991391.jpg,3

images/1574520470060642.jpg,3

images/1574520470156244.jpg,1

images/1574520470194858.jpg,1

images/1574520470238972.jpg,1

images/1574520470288176.jpg,1

images/1574520470342928.jpg,1

images/1574520470388268.jpg,1

images/1574520470438487.jpg,1

images/1574520470478112.jpg,1

images/157452047053638.jpg,3

images/1574520470585513.jpg,3

images/1574520470639298.jpg,3

images/1574520470692986.jpg,3

images/157452047074302.jpg,3

images/1574520470781746.jpg,3

images/1574520470839207.jpg,3

images/1574520470891334.jpg,3

images/1574520470938293.jpg,3

images/1574520470984566.jpg,3

images/1574520471045169.jpg,3

images/1574520471086059.jpg,3

images/1574520471130334.jpg,3

images/1574520471197979.jpg,3

images/1574520471237936.jpg,3

images/1574520471284152.jpg,3

images/1574520471335737.jpg,3

images/1574520471391751.jpg,3

images/1574520471455293.jpg,3

images/1574520471547563.jpg,6

images/1574520471589697.jpg,6

images/1574520471638964.jpg,6

images/1574520471685119.jpg,6

images/1574520471746276.jpg,6

images/1574520471787496.jpg,6

images/1574520471828386.jpg,6

images/1574520471878652.jpg,6

images/1574520471939022.jpg,6

images/1574520471981452.jpg,6

images/1574520472028645.jpg,6

images/1574520472079046.jpg,6

images/1574520472144756.jpg,6

images/1574520472181957.jpg,6

images/1574520472236955.jpg,3

images/1574520472295244.jpg,3

images/1574520472327281.jpg,3

images/157452047238344.jpg,3

images/157452047242561.jpg,3

images/1574520472496792.jpg,3

images/1574520472531925.jpg,3

images/1574520472581185.jpg,3

images/157452047263231.jpg,6

images/1574520472684658.jpg,6

images/1574520472735855.jpg,6

images/1574520472777961.jpg,6

images/1574520472827986.jpg,6

images/1574520472877036.jpg,6

images/157452047293887.jpg,6

images/1574520472977763.jpg,6

images/1574520473029274.jpg,6

images/1574520473071198.jpg,6

images/1574520473123351.jpg,6

images/1574520473193571.jpg,6

images/1574520473236834.jpg,6

images/1574520473281917.jpg,6

images/1574520473334864.jpg,6

images/1574520473380806.jpg,6

images/1574520473432886.jpg,6

images/1574520473483205.jpg,6

images/1574520473544774.jpg,6

images/1574520473596799.jpg,6

images/1574520473665115.jpg,6

images/1574520473740255.jpg,6

images/1574520473783326.jpg,6

images/1574520473879012.jpg,6

images/157452047390534.jpg,3

images/1574520473958387.jpg,3

images/1574520474031803.jpg,3

images/1574520474081327.jpg,3

images/1574520474128698.jpg,3

images/1574520474188634.jpg,3

images/1574520474224536.jpg,3

images/1574520474305291.jpg,3

images/1574520474338327.jpg,3

images/1574520474487399.jpg,3

images/1574520474534935.jpg,3

images/1574520474571015.jpg,3

images/1574520474747262.jpg,3

images/1574520474868207.jpg,3

images/1574520474940204.jpg,3

images/1574520475046988.jpg,3

images/1574520475082119.jpg,3

images/1574520475143276.jpg,3

images/1574520475194069.jpg,3

images/1574520475232928.jpg,3

images/1574520475282797.jpg,3

images/1574520475341653.jpg,3

images/1574520475376651.jpg,3

images/1574520475956851.jpg,3

images/1574520476045279.jpg,3

images/1574520476078684.jpg,3

images/157452047613005.jpg,3

images/1574520476250428.jpg,3

images/1574520476301702.jpg,3

images/1574520476349834.jpg,3

images/1574520476388871.jpg,3

images/1574520476432754.jpg,3

images/1574520476506555.jpg,3

images/1574520476664306.jpg,3
